	dt	approach	database_code
0	2001-01-15	min_ar_rev_dt	dewiki
1	2001-01-15	min_ar_rev_dt	mlwiki
2	2001-01-15	min_ar_rev_dt	arwiktionary
3	2001-01-15	min_rev_dt	enwiki
4	2001-01-15	min_rev_dt	arwiki
5	2001-02-23	min_ar_rev_dt	enwikibooks
6	2001-03-08	min_rev_dt	elwiki
7	2001-03-17	least_rev	cawiki
8	2001-04-07	min_ar_rev_dt	enwiktionary
9	2001-05-19	min_ar_rev_dt	eswiki
10	2001-05-23	min_rev_dt	svwiki
11	2001-06-01	min_rev_dt	frwiki
12	2001-06-08	min_rev_dt	ptwiki
13	2001-06-25	min_rev_dt	enwikisource
14	2001-07-27	min_rev_dt	bgwiki
15	2001-08-07	min_rev_dt	nlwiki
16	2001-08-09	min_ar_rev_dt	simplewiki
17	2001-08-14	min_rev_dt	bhwiki
18	2001-08-14	min_rev_dt	hiwiki
19	2001-08-18	min_ar_rev_dt	knwiki
20	2001-08-24	min_rev_dt	itwiki
21	2001-08-28	min_rev_dt	nlwikibooks
22	2001-09-06	min_rev_dt	dewikiversity
23	2001-09-06	min_rev_dt	dewikibooks
24	2001-09-26	min_ar_rev_dt	plwiki
25	2001-10-05	min_ar_rev_dt	nowiki
26	2001-10-19	min_rev_dt	viwikibooks
27	2001-10-25	min_rev_dt	enwikiversity
28	2001-11-06	min_rev_dt	dewiktionary
29	2001-11-16	min_ar_rev_dt	eowiki
30	2001-11-16	min_rev_dt	afwiki
31	2001-12-06	min_rev_dt	euwiki
32	2002-01-15	min_rev_dt	frwikibooks
33	2002-02-11	min_rev_dt	dawiki
34	2002-02-18	min_rev_dt	frwikiversity
35	2002-02-24	min_rev_dt	cawiktionary
36	2002-02-25	min_ar_rev_dt	tewiki
37	2002-02-28	min_ar_rev_dt	siwiki
38	2002-03-09	min_rev_dt	frwiktionary
39	2002-03-14	min_rev_dt	frwikiquote
40	2002-03-24	min_ar_rev_dt	plwikibooks
41	2002-04-17	min_rev_dt	jawiki
42	2002-04-23	min_ar_rev_dt	commonswiki
43	2002-05-15	min_rev_dt	eswiktionary
44	2002-05-22	min_rev_dt	lawiki
45	2002-05-31	min_ar_rev_dt	gdwiki
46	2002-06-01	min_ar_rev_dt	dzwiki
47	2002-06-02	least_rev	azwiki
48	2002-06-02	least_rev	bawiki
49	2002-06-02	min_rev_dt	aswiki
50	2002-06-03	min_ar_rev_dt	lnwiki
51	2002-06-03	min_ar_rev_dt	mgwiki
52	2002-06-03	min_rev_dt	kywiki
53	2002-06-03	min_rev_dt	orwiki
54	2002-06-03	min_ar_rev_dt	mnwiki
55	2002-06-03	least_rev	newiki
56	2002-06-03	least_rev	kkwiki
57	2002-06-03	min_rev_dt	fjwiki
58	2002-06-03	least_rev	hawiki
59	2002-06-03	min_rev_dt	kuwiki
60	2002-06-03	min_rev_dt	ikwiki
61	2002-06-03	least_rev	kmwiki
62	2002-06-03	least_rev	rwwiki
63	2002-06-03	min_ar_rev_dt	fowiki
64	2002-06-03	min_rev_dt	pawiki
65	2002-07-23	min_rev_dt	iawiki
66	2002-08-24	min_rev_dt	etwiki
67	2002-08-27	min_rev_dt	fiwiki
68	2002-09-07	min_rev_dt	fywiki
69	2002-09-17	min_rev_dt	plwiktionary
70	2002-09-19	min_ar_rev_dt	alswiki
71	2002-09-30	min_rev_dt	guwiki
72	2002-10-03	min_rev_dt	frwikisource
73	2002-10-11	min_rev_dt	kowiki
74	2002-10-23	min_ar_rev_dt	yiwiki
75	2002-10-23	min_rev_dt	yowiki
76	2002-10-24	least_rev	mywiki
77	2002-10-26	least_rev	mswiki
78	2002-10-26	min_rev_dt	zhwiki
79	2002-11-07	min_rev_dt	ruwiki
80	2002-11-14	min_rev_dt	cswiki
81	2002-11-16	min_rev_dt	viwiki
82	2002-11-19	min_rev_dt	itwiktionary
83	2002-11-20	min_ar_rev_dt	frwikinews
84	2002-11-26	min_ar_rev_dt	pswiki
85	2002-12-03	min_ar_rev_dt	omwiki
86	2002-12-05	least_rev	trwiki
87	2002-12-06	min_ar_rev_dt	iswiki
88	2002-12-12	min_ar_rev_dt	bswiki
89	2002-12-12	min_rev_dt	elwiktionary
90	2002-12-12	min_rev_dt	scowiki
91	2002-12-13	min_rev_dt	lawiktionary
92	2002-12-19	min_rev_dt	itwikibooks
93	2002-12-19	min_rev_dt	amwiki
94	2002-12-23	min_rev_dt	mlwikiquote
95	2002-12-23	least_rev	shwiki
96	2003-01-04	min_rev_dt	enwikiquote
97	2003-01-04	min_rev_dt	ukwiki
98	2003-01-04	min_rev_dt	skwiki
99	2003-01-04	min_rev_dt	hewiki
100	2003-01-04	min_rev_dt	nlwiktionary
101	2003-01-04	min_ar_rev_dt	hewikibooks
102	2003-01-04	min_rev_dt	hywiki
103	2003-01-22	min_rev_dt	dewikiquote
104	2003-01-24	min_rev_dt	idwiki
105	2003-01-25	min_rev_dt	jvwiki
106	2003-02-03	min_rev_dt	zuwiki
107	2003-02-08	min_rev_dt	vowiki
108	2003-02-16	least_rev	srwiki
109	2003-02-16	min_rev_dt	hrwiki
110	2003-02-20	min_rev_dt	ltwiki
111	2003-03-07	min_ar_rev_dt	swwiki
112	2003-03-08	min_rev_dt	glwiki
113	2003-03-12	min_rev_dt	glwiktionary
114	2003-03-13	min_rev_dt	klwiki
115	2003-03-15	min_rev_dt	thwiki
116	2003-03-16	min_rev_dt	ocwiki
117	2003-03-27	min_rev_dt	glwikiquote
118	2003-04-11	min_rev_dt	iuwiki
119	2003-04-15	min_rev_dt	lawikibooks
120	2003-04-24	min_rev_dt	nlwikisource
121	2003-04-27	leart_ar_rev	ndswiki
122	2003-04-29	min_ar_rev_dt	mkwiki
123	2003-05-01	min_ar_rev_dt	mrwiki
124	2003-06-06	min_rev_dt	lvwiki
125	2003-06-09	min_rev_dt	xhwiki
126	2003-06-16	least_rev	gnwiki
127	2003-06-22	min_rev_dt	wawiktionary
128	2003-06-22	min_rev_dt	wawiki
129	2003-06-26	min_rev_dt	srwiktionary
130	2003-06-27	min_rev_dt	wowiki
131	2003-07-08	min_rev_dt	huwiki
132	2003-07-10	least_rev	slwiki
133	2003-07-11	min_rev_dt	hewikisource
134	2003-07-12	min_rev_dt	cywiki
135	2003-07-12	min_rev_dt	rowiki
136	2003-07-14	min_rev_dt	cawikibooks
137	2003-07-15	min_rev_dt	ptwikibooks
138	2003-07-19	least_rev	lowiki
139	2003-07-22	min_rev_dt	biwiki
140	2003-07-24	min_rev_dt	svwiktionary
141	2003-07-26	min_rev_dt	kswiki
142	2003-08-02	min_ar_rev_dt	eswikibooks
143	2003-08-06	min_rev_dt	glwikisource
144	2003-08-09	min_ar_rev_dt	nawiki
145	2003-08-10	min_rev_dt	nahwiki
146	2003-08-11	min_rev_dt	gawiki
147	2003-09-14	min_ar_rev_dt	tetwiki
148	2003-09-18	least_rev	stwiki
149	2003-09-20	min_ar_rev_dt	ttwiki
150	2003-09-20	least_rev	gvwiki
151	2003-09-20	min_rev_dt	hewiktionary
152	2003-09-24	min_rev_dt	simplewikibooks
153	2003-09-28	min_ar_rev_dt	tawiki
154	2003-10-09	min_rev_dt	simplewiktionary
155	2003-10-12	min_rev_dt	sqwiki
156	2003-10-12	least_rev	abwiki
157	2003-10-24	min_ar_rev_dt	svwikisource
158	2003-10-25	min_rev_dt	suwiki
159	2003-10-30	min_rev_dt	jawikibooks
160	2003-11-02	min_ar_rev_dt	crwiki
161	2003-11-10	min_ar_rev_dt	mswiktionary
162	2003-11-11	min_rev_dt	twwiki
163	2003-11-19	min_ar_rev_dt	quwiki
164	2003-11-24	min_rev_dt	dewikisource
165	2003-11-24	min_rev_dt	lawikisource
166	2003-11-25	min_rev_dt	miwiki
167	2003-11-26	leart_ar_rev	zhwikisource
168	2003-11-26	min_ar_rev_dt	urwiki
169	2003-11-29	min_ar_rev_dt	kawiki
170	2003-11-29	min_rev_dt	eswikisource
171	2003-11-30	least_rev	aywiki
172	2003-11-30	min_rev_dt	cowiki
173	2003-12-03	min_rev_dt	jawikisource
174	2003-12-05	min_ar_rev_dt	slwiktionary
175	2003-12-05	min_rev_dt	fywiktionary
176	2003-12-05	min_rev_dt	kowiktionary
177	2003-12-05	min_rev_dt	skwiktionary
178	2003-12-05	min_ar_rev_dt	shwiktionary
179	2003-12-05	min_ar_rev_dt	gdwiktionary
180	2003-12-05	min_rev_dt	hiwiktionary
181	2003-12-05	min_rev_dt	ocwiktionary
182	2003-12-05	min_rev_dt	gvwiktionary
183	2003-12-05	min_ar_rev_dt	dawiktionary
184	2003-12-05	min_ar_rev_dt	nahwiktionary
185	2003-12-05	min_rev_dt	hewikiquote
186	2003-12-05	min_rev_dt	jawiktionary
187	2003-12-05	min_rev_dt	mlwiktionary
188	2003-12-05	min_rev_dt	viwikiquote
189	2003-12-05	min_rev_dt	viwiktionary
190	2003-12-05	min_ar_rev_dt	hrwiktionary
191	2003-12-05	min_ar_rev_dt	trwiktionary
192	2003-12-05	min_rev_dt	huwiktionary
193	2003-12-05	min_rev_dt	ltwiktionary
194	2003-12-05	min_rev_dt	kawiktionary
195	2003-12-05	min_rev_dt	eowiktionary
196	2003-12-05	min_rev_dt	ruwiktionary
197	2003-12-05	min_rev_dt	rowiktionary
198	2003-12-05	min_rev_dt	zhwiktionary
199	2003-12-05	min_ar_rev_dt	bswiktionary
200	2003-12-05	min_rev_dt	cswiktionary
201	2003-12-05	leart_ar_rev	cywiktionary
202	2003-12-05	min_rev_dt	fiwiktionary
203	2003-12-06	min_rev_dt	rowikisource
204	2003-12-08	min_ar_rev_dt	ptwikisource
205	2003-12-12	min_ar_rev_dt	itwikisource
206	2003-12-13	min_rev_dt	sqwiktionary
207	2003-12-13	min_rev_dt	fawiki
208	2003-12-14	min_ar_rev_dt	bgwiktionary
209	2003-12-15	min_rev_dt	nowiktionary
210	2003-12-17	min_rev_dt	ugwiki
211	2003-12-17	min_ar_rev_dt	afwiktionary
212	2003-12-18	min_rev_dt	iawiktionary
213	2003-12-18	min_rev_dt	etwiktionary
214	2003-12-18	min_rev_dt	ptwiktionary
215	2003-12-18	min_ar_rev_dt	hiwikibooks
216	2003-12-19	min_ar_rev_dt	cawikiquote
217	2003-12-20	min_rev_dt	mlwikisource
218	2003-12-21	least_rev	sawiki
219	2003-12-21	min_rev_dt	ruwikisource
220	2003-12-21	min_rev_dt	glwikibooks
221	2003-12-21	least_rev	uzwiki
222	2003-12-24	min_ar_rev_dt	idwiktionary
223	2003-12-25	min_rev_dt	bowiki
224	2003-12-25	min_rev_dt	thwiktionary
225	2003-12-26	min_ar_rev_dt	sdwiki
226	2003-12-26	min_ar_rev_dt	bnwiki
227	2003-12-26	min_rev_dt	rmwiki
228	2004-01-01	min_ar_rev_dt	skwikibooks
229	2004-01-04	min_rev_dt	tlwiki
230	2004-01-06	min_rev_dt	zhwikibooks
231	2004-01-12	min_ar_rev_dt	tawiktionary
232	2004-01-15	min_rev_dt	towiki
233	2004-01-19	min_rev_dt	vecwiki
234	2004-01-25	min_rev_dt	tkwiki
235	2004-01-27	min_rev_dt	sswiki
236	2004-01-27	least_rev	tgwiki
237	2004-01-29	min_ar_rev_dt	quwiktionary
238	2004-01-29	min_ar_rev_dt	wowiktionary
239	2004-01-29	least_rev	kkwiktionary
240	2004-01-29	min_rev_dt	towiktionary
241	2004-01-29	leart_ar_rev	klwiktionary
242	2004-01-29	min_rev_dt	lowiktionary
243	2004-01-29	min_rev_dt	pswiktionary
244	2004-01-29	min_rev_dt	kmwiktionary
245	2004-01-29	min_ar_rev_dt	xhwiktionary
246	2004-01-29	min_rev_dt	knwiktionary
247	2004-01-29	min_ar_rev_dt	iswiktionary
248	2004-01-29	min_ar_rev_dt	rmwiktionary
249	2004-01-29	min_rev_dt	amwiktionary
250	2004-01-29	min_rev_dt	tnwiki
251	2004-01-29	leart_ar_rev	iuwiktionary
252	2004-01-29	min_ar_rev_dt	kswiktionary
253	2004-01-29	min_ar_rev_dt	pawiktionary
254	2004-01-29	min_rev_dt	yowiktionary
255	2004-01-29	min_ar_rev_dt	rowikinews
256	2004-01-29	min_ar_rev_dt	yiwiktionary
257	2004-01-29	min_rev_dt	tnwiktionary
258	2004-01-29	min_ar_rev_dt	jvwiktionary
259	2004-01-29	min_ar_rev_dt	rnwiki
260	2004-01-29	min_ar_rev_dt	tlwiktionary
261	2004-01-29	leart_ar_rev	lnwiktionary
262	2004-01-29	min_ar_rev_dt	kywiktionary
263	2004-01-29	min_ar_rev_dt	rnwiktionary
264	2004-01-29	min_ar_rev_dt	kuwiktionary
265	2004-01-29	min_ar_rev_dt	mywiktionary
266	2004-01-29	min_ar_rev_dt	vowiktionary
267	2004-01-29	min_ar_rev_dt	ukwiktionary
268	2004-01-29	min_ar_rev_dt	ikwiktionary
269	2004-01-29	leart_ar_rev	mgwiktionary
270	2004-01-29	min_rev_dt	snwiktionary
271	2004-01-29	min_rev_dt	sowiki
272	2004-01-29	leart_ar_rev	bewiktionary
273	2004-01-29	min_rev_dt	sowiktionary
274	2004-01-29	min_ar_rev_dt	fawiktionary
275	2004-01-29	min_rev_dt	cowiktionary
276	2004-01-29	min_ar_rev_dt	euwiktionary
277	2004-01-29	leart_ar_rev	sswiktionary
278	2004-01-29	min_ar_rev_dt	ugwiktionary
279	2004-01-29	min_rev_dt	nawiktionary
280	2004-01-29	min_ar_rev_dt	snwiki
281	2004-01-29	min_ar_rev_dt	stwiktionary
282	2004-01-29	min_ar_rev_dt	suwiktionary
283	2004-01-29	min_ar_rev_dt	bhwiktionary
284	2004-01-29	min_rev_dt	biwiktionary
285	2004-01-29	min_rev_dt	ttwiktionary
286	2004-01-29	min_rev_dt	tgwiktionary
287	2004-01-29	least_rev	miwiktionary
288	2004-01-29	min_ar_rev_dt	tswiktionary
289	2004-01-29	min_rev_dt	dzwiktionary
290	2004-01-29	min_rev_dt	tswiki
291	2004-01-29	min_ar_rev_dt	bnwiktionary
292	2004-01-29	min_rev_dt	swwiktionary
293	2004-01-29	min_ar_rev_dt	mkwiktionary
294	2004-01-29	leart_ar_rev	bowiktionary
295	2004-01-29	leart_ar_rev	twwiktionary
296	2004-01-29	leart_ar_rev	fowiktionary
297	2004-01-29	min_ar_rev_dt	fjwiktionary
298	2004-01-29	min_rev_dt	urwiktionary
299	2004-01-29	min_rev_dt	tkwiktionary
300	2004-01-29	min_ar_rev_dt	sawiktionary
301	2004-01-29	min_rev_dt	newiktionary
302	2004-01-29	min_rev_dt	hywiktionary
303	2004-01-29	min_ar_rev_dt	mnwiktionary
304	2004-01-29	min_rev_dt	sdwiktionary
305	2004-01-29	min_ar_rev_dt	lvwiktionary
306	2004-01-29	min_rev_dt	sgwiki
307	2004-01-29	min_rev_dt	tiwiktionary
308	2004-01-29	min_ar_rev_dt	sgwiktionary
309	2004-01-29	min_rev_dt	tiwiki
310	2004-01-29	min_rev_dt	smwiktionary
311	2004-01-29	min_ar_rev_dt	abwiktionary
312	2004-01-29	min_ar_rev_dt	aswiktionary
313	2004-01-29	min_ar_rev_dt	hawiktionary
314	2004-01-29	min_ar_rev_dt	aawiktionary
315	2004-01-29	min_rev_dt	azwiktionary
316	2004-01-29	min_rev_dt	uzwiktionary
317	2004-01-29	min_rev_dt	smwiki
318	2004-01-29	min_ar_rev_dt	mrwiktionary
319	2004-01-29	min_rev_dt	zuwiktionary
320	2004-01-29	min_ar_rev_dt	omwiktionary
321	2004-01-29	min_rev_dt	aywiktionary
322	2004-01-29	leart_ar_rev	siwiktionary
323	2004-01-29	min_ar_rev_dt	ndswiktionary
324	2004-01-29	min_rev_dt	guwiktionary
325	2004-01-29	min_ar_rev_dt	tewiktionary
326	2004-01-29	min_ar_rev_dt	gnwiktionary
327	2004-02-01	min_ar_rev_dt	kuwikibooks
328	2004-02-01	min_ar_rev_dt	kuwikiquote
329	2004-02-06	min_ar_rev_dt	dawikisource
330	2004-02-08	least_rev	kowikisource
331	2004-02-16	min_rev_dt	elwikisource
332	2004-02-18	min_rev_dt	etwikisource
333	2004-02-21	min_ar_rev_dt	plwikisource
334	2004-02-22	min_rev_dt	gawiktionary
335	2004-02-22	min_rev_dt	rwwiktionary
336	2004-02-24	min_ar_rev_dt	aawiki
337	2004-03-10	min_rev_dt	cswikiquote
338	2004-03-25	min_rev_dt	arwikisource
339	2004-03-26	min_ar_rev_dt	scnwiki
340	2004-04-01	min_rev_dt	itwikinews
341	2004-04-01	least_rev	csbwiki
342	2004-04-04	leart_ar_rev	iowiki
343	2004-04-04	min_rev_dt	iowiktionary
344	2004-04-04	leart_ar_rev	tpiwiktionary
345	2004-04-04	min_ar_rev_dt	tpiwiki
346	2004-04-10	leart_ar_rev	scwiki
347	2004-04-10	min_ar_rev_dt	scwiktionary
348	2004-04-13	min_rev_dt	ruwikinews
349	2004-04-16	min_rev_dt	fiwikisource
350	2004-05-15	min_ar_rev_dt	csbwiktionary
351	2004-05-22	min_ar_rev_dt	nowikisource
352	2004-05-24	least_rev	hrwikisource
353	2004-05-26	min_ar_rev_dt	roa_rupwiki
354	2004-05-26	least_rev	chrwiki
355	2004-05-28	min_ar_rev_dt	zh_min_nanwiki
356	2004-05-28	min_ar_rev_dt	ruwikibooks
357	2004-05-31	min_rev_dt	nywiki
358	2004-05-31	min_rev_dt	guwikiquote
359	2004-05-31	min_rev_dt	knwikisource
360	2004-05-31	min_rev_dt	chywiki
361	2004-06-05	leart_ar_rev	chrwiktionary
362	2004-06-11	min_rev_dt	kwwiki
363	2004-06-13	min_rev_dt	kwwiktionary
364	2004-06-23	min_rev_dt	brwiki
365	2004-06-29	min_rev_dt	newikibooks
366	2004-07-06	min_rev_dt	idwikiquote
367	2004-07-14	min_rev_dt	cywikisource
368	2004-07-17	min_rev_dt	plwikiquote
369	2004-07-17	min_ar_rev_dt	itwikiquote
370	2004-07-18	min_rev_dt	nlwikiquote
371	2004-07-18	min_rev_dt	bgwikiquote
372	2004-07-19	least_rev	zhwikiquote
373	2004-07-19	min_ar_rev_dt	nowikiquote
374	2004-07-20	least_rev	tawikiquote
375	2004-07-20	min_rev_dt	astwiki
376	2004-07-20	min_rev_dt	sewiki
377	2004-07-21	min_rev_dt	jawikiquote
378	2004-07-21	least_rev	lbwiki
379	2004-07-21	min_rev_dt	anwiki
380	2004-07-22	min_rev_dt	eowikibooks
381	2004-07-22	min_rev_dt	chwiktionary
382	2004-07-23	least_rev	eswikiquote
383	2004-07-23	min_ar_rev_dt	svwikibooks
384	2004-07-24	min_ar_rev_dt	lbwiktionary
385	2004-07-24	min_ar_rev_dt	brwiktionary
386	2004-07-26	least_rev	eewiki
387	2004-07-26	min_rev_dt	elwikiquote
388	2004-07-26	min_ar_rev_dt	etwikibooks
389	2004-07-26	least_rev	mtwiki
390	2004-07-27	min_rev_dt	nowikibooks
391	2004-07-27	min_rev_dt	svwikiquote
392	2004-07-27	least_rev	pawikibooks
393	2004-07-27	min_rev_dt	dawikibooks
394	2004-07-28	min_rev_dt	urwikibooks
395	2004-07-28	least_rev	kswikibooks
396	2004-07-28	least_rev	arcwiki
397	2004-07-28	least_rev	slwikibooks
398	2004-07-28	least_rev	gawikibooks
399	2004-07-29	min_rev_dt	fawikibooks
400	2004-07-29	min_rev_dt	chwiki
401	2004-07-29	min_rev_dt	zawiki
402	2004-07-29	least_rev	elwikibooks
403	2004-07-30	min_ar_rev_dt	kowikibooks
404	2004-07-30	min_rev_dt	bgwikibooks
405	2004-07-31	min_ar_rev_dt	srwikibooks
406	2004-07-31	min_rev_dt	idwikibooks
407	2004-07-31	min_rev_dt	nnwiki
408	2004-07-31	min_rev_dt	srwikiquote
409	2004-07-31	least_rev	zuwikibooks
410	2004-08-01	min_rev_dt	aswikibooks
411	2004-08-01	min_ar_rev_dt	ruwikiquote
412	2004-08-01	min_rev_dt	iswikibooks
413	2004-08-01	min_rev_dt	rowikiquote
414	2004-08-02	min_ar_rev_dt	rowikibooks
415	2004-08-02	min_ar_rev_dt	akwiki
416	2004-08-03	min_rev_dt	euwikibooks
417	2004-08-04	least_rev	simplewikiquote
418	2004-08-05	min_ar_rev_dt	krwiki
419	2004-08-05	least_rev	fiwikiquote
420	2004-08-05	min_ar_rev_dt	fiwikibooks
421	2004-08-05	min_ar_rev_dt	bowikibooks
422	2004-08-06	min_rev_dt	ptwikiquote
423	2004-08-06	min_ar_rev_dt	cswikibooks
424	2004-08-06	min_rev_dt	cswikisource
425	2004-08-06	min_rev_dt	iewiki
426	2004-08-07	min_rev_dt	swwikibooks
427	2004-08-07	min_ar_rev_dt	trwikibooks
428	2004-08-08	min_rev_dt	nahwikibooks
429	2004-08-08	min_rev_dt	ltwikibooks
430	2004-08-08	least_rev	jbowiki
431	2004-08-08	min_rev_dt	ltwikiquote
432	2004-08-08	min_rev_dt	kiwiki
433	2004-08-08	min_rev_dt	sawikibooks
434	2004-08-09	min_rev_dt	mlwikibooks
435	2004-08-09	min_rev_dt	dawikiquote
436	2004-08-09	min_rev_dt	tlwikibooks
437	2004-08-10	min_rev_dt	huwikibooks
438	2004-08-10	min_rev_dt	hrwikibooks
439	2004-08-10	min_rev_dt	bnwikibooks
440	2004-08-11	min_ar_rev_dt	srwikisource
441	2004-08-12	min_rev_dt	arwikibooks
442	2004-08-12	min_ar_rev_dt	astwiktionary
443	2004-08-13	min_rev_dt	cawikinews
444	2004-08-13	min_rev_dt	tewikibooks
445	2004-08-13	min_rev_dt	aawikibooks
446	2004-08-15	min_rev_dt	afwikibooks
447	2004-08-15	min_rev_dt	mrwikibooks
448	2004-08-17	least_rev	cowikibooks
449	2004-08-17	min_rev_dt	lvwikibooks
450	2004-08-18	min_rev_dt	tawikibooks
451	2004-08-18	min_rev_dt	ukwikibooks
452	2004-08-18	min_rev_dt	ukwikiquote
453	2004-08-20	min_rev_dt	ndswikibooks
454	2004-08-21	min_rev_dt	viwikisource
455	2004-08-21	min_ar_rev_dt	lnwikibooks
456	2004-08-22	min_rev_dt	thwikiquote
457	2004-08-22	min_rev_dt	thwikibooks
458	2004-08-23	min_rev_dt	gawikiquote
459	2004-08-23	min_rev_dt	iewiktionary
460	2004-08-24	min_rev_dt	knwikibooks
461	2004-08-24	min_ar_rev_dt	eowikiquote
462	2004-08-24	min_rev_dt	fawikiquote
463	2004-08-24	least_rev	mswikibooks
464	2004-08-26	least_rev	muswiki
465	2004-08-28	min_rev_dt	dvwiki
466	2004-08-28	least_rev	avwiki
467	2004-08-28	min_rev_dt	lgwiki
468	2004-08-28	least_rev	lbwikiquote
469	2004-08-28	min_rev_dt	lbwikibooks
470	2004-08-28	min_rev_dt	guwikibooks
471	2004-08-28	min_rev_dt	nvwiki
472	2004-08-28	least_rev	kgwiki
473	2004-08-28	min_rev_dt	igwiki
474	2004-08-28	min_rev_dt	iswikiquote
475	2004-08-28	min_rev_dt	vewiki
476	2004-08-28	least_rev	ffwiki
477	2004-08-28	least_rev	bmwiki
478	2004-08-29	least_rev	mhwiki
479	2004-08-29	min_rev_dt	htwiki
480	2004-08-29	min_rev_dt	iiwiki
481	2004-08-29	min_ar_rev_dt	cewiki
482	2004-08-29	min_rev_dt	liwiki
483	2004-08-29	min_rev_dt	kjwiki
484	2004-08-29	least_rev	cvwiki
485	2004-08-29	min_ar_rev_dt	ngwiki
486	2004-08-29	min_rev_dt	piwiki
487	2004-08-29	min_rev_dt	kvwiki
488	2004-08-29	min_rev_dt	howiki
489	2004-08-29	min_rev_dt	hzwiki
490	2004-09-02	min_rev_dt	suwikiquote
491	2004-09-02	min_rev_dt	sqwikibooks
492	2004-09-02	least_rev	suwikibooks
493	2004-09-02	min_rev_dt	yowikibooks
494	2004-09-03	min_rev_dt	pswikibooks
495	2004-09-04	least_rev	vowikibooks
496	2004-09-04	min_rev_dt	huwikiquote
497	2004-09-05	min_rev_dt	mkwikibooks
498	2004-09-06	min_rev_dt	hewikinews
499	2004-09-06	leart_ar_rev	nawikiquote
500	2004-09-06	min_ar_rev_dt	cywikibooks
501	2004-09-06	min_ar_rev_dt	anwiktionary
502	2004-09-09	least_rev	kswikiquote
503	2004-09-09	least_rev	rmwikibooks
504	2004-09-12	least_rev	roa_rupwiktionary
505	2004-09-14	min_rev_dt	kmwikibooks
506	2004-09-14	least_rev	kawikibooks
507	2004-09-15	min_rev_dt	mtwiktionary
508	2004-09-15	min_rev_dt	sewikibooks
509	2004-09-17	min_ar_rev_dt	gnwikibooks
510	2004-09-20	least_rev	mywikibooks
511	2004-09-22	min_rev_dt	ocwikibooks
512	2004-09-22	min_rev_dt	chowiki
513	2004-09-22	min_rev_dt	hawwiki
514	2004-09-23	least_rev	zh_min_nanwiktionary
515	2004-09-24	min_ar_rev_dt	hywikibooks
516	2004-09-25	min_rev_dt	biwikibooks
517	2004-09-25	leart_ar_rev	hrwikiquote
518	2004-09-25	min_rev_dt	nnwiktionary
519	2004-09-26	min_rev_dt	iewikibooks
520	2004-09-27	least_rev	knwikiquote
521	2004-09-30	least_rev	arwikiquote
522	2004-10-01	min_rev_dt	trwikiquote
523	2004-10-04	min_rev_dt	skwikiquote
524	2004-10-05	min_rev_dt	iawikibooks
525	2004-10-05	min_rev_dt	kywikibooks
526	2004-10-06	min_rev_dt	lawikiquote
527	2004-10-08	least_rev	siwikibooks
528	2004-10-10	min_rev_dt	bswikibooks
529	2004-10-11	min_rev_dt	amwikiquote
530	2004-10-12	min_ar_rev_dt	bawikibooks
531	2004-10-12	least_rev	scnwiktionary
532	2004-10-14	least_rev	ugwikiquote
533	2004-10-14	min_rev_dt	angwiki
534	2004-10-14	min_ar_rev_dt	ttwikibooks
535	2004-10-14	min_rev_dt	ttwikiquote
536	2004-10-14	min_ar_rev_dt	kowikiquote
537	2004-10-18	least_rev	chwikibooks
538	2004-10-18	min_ar_rev_dt	sqwikiquote
539	2004-10-19	min_rev_dt	gotwiki
540	2004-10-20	min_rev_dt	etwikiquote
541	2004-10-22	min_rev_dt	hywikiquote
542	2004-10-26	min_rev_dt	nawikibooks
543	2004-10-27	min_ar_rev_dt	zawikiquote
544	2004-10-31	min_rev_dt	gotwikibooks
545	2004-11-05	min_rev_dt	mrwikiquote
546	2004-11-06	min_rev_dt	nnwikiquote
547	2004-11-07	min_rev_dt	mnwikibooks
548	2004-11-08	min_rev_dt	angwiktionary
549	2004-11-08	least_rev	enwikinews
550	2004-11-10	min_rev_dt	aywikibooks
551	2004-11-10	min_rev_dt	urwikiquote
552	2004-11-12	min_rev_dt	quwikibooks
553	2004-11-14	min_ar_rev_dt	mgwikibooks
554	2004-11-15	min_rev_dt	cawikisource
555	2004-11-16	least_rev	fywikibooks
556	2004-11-16	least_rev	astwikibooks
557	2004-11-17	min_rev_dt	afwikiquote
558	2004-11-18	min_rev_dt	zawiktionary
559	2004-11-19	min_rev_dt	ukwikinews
560	2004-11-20	min_rev_dt	astwikiquote
561	2004-11-22	min_rev_dt	slwikiquote
562	2004-11-23	min_rev_dt	eswikiversity
563	2004-11-23	least_rev	kwwikiquote
564	2004-11-24	min_rev_dt	angwikiquote
565	2004-12-03	min_rev_dt	avwiktionary
566	2004-12-03	min_ar_rev_dt	dewikinews
567	2004-12-03	min_ar_rev_dt	akwiktionary
568	2004-12-03	min_ar_rev_dt	crwiktionary
569	2004-12-03	min_rev_dt	tumwiki
570	2004-12-04	min_rev_dt	bewikiquote
571	2004-12-05	min_rev_dt	azwikibooks
572	2004-12-05	min_rev_dt	dvwiktionary
573	2004-12-10	min_ar_rev_dt	wowikiquote
574	2004-12-15	min_rev_dt	uzwikibooks
575	2004-12-15	min_ar_rev_dt	bewikibooks
576	2004-12-16	least_rev	tewikiquote
577	2004-12-17	min_ar_rev_dt	liwiktionary
578	2004-12-17	min_ar_rev_dt	vowikiquote
579	2004-12-20	min_rev_dt	xhwikibooks
580	2004-12-20	min_rev_dt	fawikisource
581	2004-12-22	min_rev_dt	bswikiquote
582	2004-12-26	min_ar_rev_dt	ptwikinews
583	2004-12-28	least_rev	krwikiquote
584	2004-12-29	min_rev_dt	euwikiquote
585	2004-12-30	min_rev_dt	azwikiquote
586	2004-12-31	min_rev_dt	lmowiki
587	2005-01-01	min_rev_dt	tkwikibooks
588	2005-01-01	min_rev_dt	tkwikiquote
589	2005-01-01	least_rev	akwikibooks
590	2005-01-11	least_rev	angwikibooks
591	2005-01-11	min_rev_dt	wawikibooks
592	2005-01-11	min_ar_rev_dt	miwikibooks
593	2005-01-11	min_ar_rev_dt	crwikiquote
594	2005-01-15	least_rev	piwiktionary
595	2005-01-15	min_rev_dt	ndswikiquote
596	2005-01-16	min_rev_dt	kawikiquote
597	2005-01-20	min_rev_dt	cowikiquote
598	2005-01-20	min_rev_dt	jbowiktionary
599	2005-01-24	min_rev_dt	zawikibooks
600	2005-01-25	min_rev_dt	furwiki
601	2005-01-28	min_ar_rev_dt	nlwikinews
602	2005-01-29	min_ar_rev_dt	svwikinews
603	2005-01-29	min_rev_dt	eswikinews
604	2005-01-30	min_rev_dt	zh_min_nanwikibooks
605	2005-02-06	least_rev	bgwikinews
606	2005-02-07	least_rev	zh_min_nanwikiquote
607	2005-02-07	min_ar_rev_dt	ukwikisource
608	2005-02-10	min_rev_dt	tewikisource
609	2005-02-11	min_ar_rev_dt	cywikiquote
610	2005-02-12	least_rev	uzwikiquote
611	2005-02-12	least_rev	kkwikibooks
612	2005-02-12	min_rev_dt	kkwikiquote
613	2005-02-12	min_rev_dt	kywikiquote
614	2005-02-12	least_rev	ugwikibooks
615	2005-02-13	least_rev	quwikiquote
616	2005-02-16	least_rev	mhwiktionary
617	2005-02-17	min_rev_dt	cvwikibooks
618	2005-02-18	min_rev_dt	bmwikiquote
619	2005-02-18	min_rev_dt	bmwikibooks
620	2005-02-18	min_rev_dt	bmwiktionary
621	2005-02-19	min_ar_rev_dt	plwikinews
622	2005-02-28	min_rev_dt	oswiki
623	2005-04-25	min_ar_rev_dt	skwikisource
624	2005-05-21	min_ar_rev_dt	srwikinews
625	2005-06-22	min_rev_dt	fiu_vrowiki
626	2005-06-22	min_rev_dt	pamwiki
627	2005-06-22	least_rev	cebwiki
628	2005-07-06	min_rev_dt	kshwiki
629	2005-07-14	min_rev_dt	jawikinews
630	2005-09-25	min_rev_dt	napwiki
631	2005-09-25	min_rev_dt	ladwiki
632	2005-09-25	min_rev_dt	warwiki
633	2005-09-26	min_ar_rev_dt	arwikinews
634	2005-10-07	least_rev	ilowiki
635	2005-10-24	least_rev	bugwiki
636	2005-10-24	least_rev	pihwiki
637	2005-10-24	min_rev_dt	udmwiki
638	2005-11-06	min_rev_dt	idwikisource
639	2005-12-12	min_rev_dt	thwikinews
640	2005-12-29	min_rev_dt	iswikisource
641	2006-01-05	min_rev_dt	trwikisource
642	2006-01-11	min_rev_dt	nowikinews
643	2006-03-14	min_rev_dt	zhwikinews
644	2006-03-24	min_ar_rev_dt	nrmwiki
645	2006-03-24	min_ar_rev_dt	lijwiki
646	2006-03-24	least_rev	nds_nlwiki
647	2006-03-24	least_rev	papwiki
648	2006-03-24	least_rev	map_bmswiki
649	2006-03-24	min_rev_dt	xalwiki
650	2006-03-24	min_ar_rev_dt	pdcwiki
651	2006-03-24	min_rev_dt	vlswiki
652	2006-03-24	least_rev	rmywiki
653	2006-03-24	min_rev_dt	frpwiki
654	2006-03-24	min_ar_rev_dt	bat_smgwiki
655	2006-03-25	min_rev_dt	yiwikisource
656	2006-03-26	min_rev_dt	pmswiki
657	2006-06-02	min_rev_dt	thwikisource
658	2006-06-02	least_rev	bgwikisource
659	2006-06-02	min_rev_dt	bswikisource
660	2006-06-02	least_rev	ltwikisource
661	2006-06-02	min_rev_dt	zh_min_nanwikisource
662	2006-06-02	min_rev_dt	slwikisource
663	2006-06-02	min_rev_dt	fowikisource
664	2006-06-02	min_rev_dt	azwikisource
665	2006-06-02	min_rev_dt	htwikisource
666	2006-06-02	min_rev_dt	huwikisource
667	2006-06-02	min_rev_dt	angwikisource
668	2006-09-13	min_ar_rev_dt	sdwikinews
669	2006-09-30	site_creation_log	novwiki
670	2006-09-30	site_creation_log	mznwiki
671	2006-09-30	site_creation_log	hsbwiki
672	2006-09-30	site_creation_log	emlwiki
673	2006-09-30	site_creation_log	diqwiki
674	2006-09-30	site_creation_log	cuwiki
675	2006-09-30	site_creation_log	cbk_zamwiki
676	2006-09-30	site_creation_log	cdowiki
677	2006-09-30	site_creation_log	barwiki
678	2006-09-30	site_creation_log	bpywiki
679	2006-09-30	leart_ar_rev	glkwiki
680	2006-09-30	site_creation_log	roa_tarawiki
681	2006-09-30	site_creation_log	wuuwiki
682	2006-09-30	site_creation_log	zeawiki
683	2006-09-30	site_creation_log	zh_classicalwiki
684	2006-09-30	site_creation_log	newwiki
685	2006-09-30	min_rev_dt	lbewiki
686	2006-09-30	site_creation_log	bxrwiki
687	2006-09-30	site_creation_log	pagwiki
688	2006-10-16	least_rev	tgwikibooks
689	2006-10-16	min_rev_dt	bswikinews
690	2006-10-16	min_rev_dt	mkwikisource
691	2006-12-01	min_rev_dt	tawikinews
692	2007-03-27	site_creation_log	bewiki
693	2007-05-06	site_creation_log	kabwiki
694	2007-05-08	site_creation_log	tawikisource
695	2007-05-25	site_creation_log	itwikiversity
696	2007-05-27	site_creation_log	hakwiki
697	2007-09-25	site_creation_log	bnwikisource
698	2007-09-25	site_creation_log	hsbwiktionary
699	2007-11-24	site_creation_log	bclwiki
700	2007-11-24	site_creation_log	brwikiquote
701	2007-11-24	site_creation_log	liwikiquote
702	2007-11-24	site_creation_log	hywikisource
703	2007-11-24	site_creation_log	fiwikinews
704	2008-01-12	site_creation_log	elwikiversity
705	2008-01-12	site_creation_log	stqwiki
706	2008-01-12	site_creation_log	crhwiki
707	2008-01-12	site_creation_log	dsbwiki
708	2008-05-26	site_creation_log	ptwikiversity
709	2008-05-26	site_creation_log	jawikiversity
710	2008-05-26	site_creation_log	cswikiversity
711	2008-05-26	site_creation_log	liwikisource
712	2008-05-26	site_creation_log	srnwiki
713	2008-05-26	site_creation_log	sahwiki
714	2008-05-26	site_creation_log	myvwiki
715	2008-05-26	site_creation_log	szlwiki
716	2008-05-26	site_creation_log	kaawiki
717	2008-05-26	site_creation_log	hifwiki
718	2008-05-26	site_creation_log	ganwiki
719	2008-05-26	site_creation_log	extwiki
720	2008-05-26	site_creation_log	huwikinews
721	2008-05-26	site_creation_log	cswikinews
722	2008-05-26	site_creation_log	mdfwiki
723	2008-11-24	site_creation_log	arzwiki
724	2009-03-05	site_creation_log	pntwiki
725	2009-04-06	site_creation_log	fiwikiversity
726	2009-07-09	site_creation_log	mhrwiki
727	2009-08-12	site_creation_log	trwikinews
728	2009-08-12	site_creation_log	acewiki
729	2009-08-12	site_creation_log	pnbwiki
730	2009-08-12	site_creation_log	ckbwiki
731	2009-08-12	site_creation_log	mwlwiki
732	2009-11-12	site_creation_log	ruwikiversity
733	2009-12-24	site_creation_log	pcdwiki
734	2010-03-19	site_creation_log	krcwiki
735	2010-08-20	mail_notification	kowikinews
736	2010-08-24	mail_notification	frrwiki
737	2010-10-17	mail_notification	bjnwiki
738	2010-10-17	mail_notification	fawikinews
739	2010-10-17	mail_notification	koiwiki
740	2010-10-17	mail_notification	mrjwiki
741	2010-11-14	mail_notification	gagwiki
742	2010-11-14	mail_notification	vecwikisource
743	2010-11-14	mail_notification	brwikisource
744	2010-11-14	mail_notification	svwikiversity
745	2010-11-14	mail_notification	eowikinews
746	2010-11-14	mail_notification	pflwiki
747	2010-11-14	mail_notification	liwikibooks
748	2011-01-23	mail_notification	ruewiki
749	2011-03-20	mail_notification	sqwikinews
750	2011-03-20	mail_notification	kbdwiki
751	2011-03-20	mail_notification	sahwikisource
752	2011-03-20	mail_notification	sawikisource
753	2011-03-20	mail_notification	ltgwiki
754	2011-03-20	mail_notification	eowikisource
755	2011-04-09	mail_notification	elwikinews
756	2011-07-12	mail_notification	arwikiversity
757	2011-07-12	mail_notification	xmfwiki
758	2011-09-28	site_creation_log	orwiktionary
759	2011-10-29	site_creation_log	nsowiki
760	2012-02-02	mail_notification	vepwiki
761	2012-02-02	mail_notification	mrwikisource
762	2012-02-02	mail_notification	pnbwiktionary
763	2012-03-28	mail_notification	slwikiversity
764	2012-03-28	mail_notification	bewikisource
765	2012-03-28	mail_notification	lezwiki
766	2012-03-28	mail_notification	guwikisource
767	2012-10-26	mail_notification	wikidatawiki
768	2012-11-06	mail_notification	enwikivoyage
769	2012-11-07	mail_notification	dewikivoyage
770	2012-11-07	mail_notification	ruwikivoyage
771	2012-11-07	mail_notification	nlwikivoyage
772	2012-11-07	mail_notification	svwikivoyage
773	2012-11-07	mail_notification	frwikivoyage
774	2012-11-07	mail_notification	itwikivoyage
775	2013-01-03	git_db_creation	ptwikivoyage
776	2013-01-03	git_db_creation	eswikivoyage
777	2013-01-03	git_db_creation	aswikisource
778	2013-02-06	git_db_creation	kowikiversity
779	2013-02-06	git_db_creation	minwiki
780	2013-02-06	git_db_creation	plwikivoyage
781	2013-02-06	git_db_creation	rowikivoyage
782	2013-02-06	git_db_creation	sawikiquote
783	2013-03-27	git_db_creation	hewikivoyage
784	2013-03-27	git_db_creation	ukwikivoyage
785	2013-05-16	git_db_creation	elwikivoyage
786	2013-05-16	git_db_creation	vecwiktionary
787	2013-07-05	git_db_creation	tyvwiki
788	2013-08-11	git_db_creation	tywiki
789	2013-08-11	git_db_creation	viwikivoyage
790	2013-12-31	git_db_creation	zhwikivoyage
791	2014-09-28	git_db_creation	fawikivoyage
792	2014-10-19	git_db_creation	orwikisource
793	2014-10-29	git_db_creation	maiwiki
794	2015-04-24	git_db_creation	gomwiki
795	2015-06-10	git_db_creation	lrcwiki
796	2016-02-02	git_db_creation	adywiki
797	2016-04-29	git_db_creation	jamwiki
798	2016-07-21	git_db_creation	tcywiki
799	2016-09-26	git_db_creation	olowiki
800	2016-11-27	git_db_creation	fiwikivoyage
801	2017-04-09	git_db_creation	dtywiki
802	2017-04-13	git_db_creation	pawikisource
803	2017-06-14	git_db_creation	atjwiki
804	2017-06-22	git_db_creation	kbpwiki
805	2017-06-29	git_db_creation	dinwiki
806	2017-07-31	git_db_creation	hiwikiversity
807	2017-08-10	git_db_creation	hiwikivoyage
808	2017-08-20	git_db_creation	hifwiktionary
809	2017-08-29	git_db_creation	hiwikiquote
810	2017-08-29	git_db_creation	azbwiki
811	2017-12-26	git_db_creation	lfnwiki
812	2018-01-07	git_db_creation	inhwiki
813	2018-03-07	git_db_creation	gorwiki
814	2018-03-13	git_db_creation	euwikisource
815	2018-04-27	git_db_creation	be_x_oldwiki
816	2018-04-27	git_db_creation	zh_yuewiki
817	2018-05-18	git_db_creation	pmswikisource
818	2018-06-04	git_db_creation	pswikivoyage
819	2018-06-04	git_db_creation	sahwikiquote
820	2018-06-05	git_db_creation	bnwikivoyage
821	2018-06-28	git_db_creation	satwiki
822	2018-07-14	git_db_creation	zhwikiversity
823	2018-09-28	git_db_creation	yuewiktionary
824	2018-09-28	git_db_creation	liwikinews
825	2018-12-11	git_db_creation	napwikisource
826	2019-02-07	git_db_creation	shnwiki
827	2019-03-22	git_db_creation	hiwikisource
828	2019-03-30	git_db_creation	hywwiki
829	2019-09-25	git_db_creation	nqowiki
830	2019-10-08	git_db_creation	banwiki
831	2019-10-17	git_db_creation	mnwwiki
832	2019-11-05	git_db_creation	szywiki
833	2019-11-20	git_db_creation	shywiktionary
834	2019-11-20	git_db_creation	gcrwiki
835	2019-11-20	git_db_creation	minwiktionary
836	2020-04-20	git_db_creation	gomwiktionary
837	2020-05-01	git_db_creation	awawiki
838	2020-05-18	git_db_creation	shnwiktionary
839	2020-07-10	git_db_creation	lijwikisource
840	2020-07-12	git_db_creation	arywiki
841	2020-07-15	git_db_creation	avkwiki
842	2020-08-02	git_db_creation	lldwiki
843	2020-08-27	git_db_creation	jawikivoyage
844	2020-10-18	git_db_creation	smnwiki
845	2020-11-25	git_db_creation	skrwiktionary
846	2020-11-25	git_db_creation	skrwiki
847	2020-12-07	git_db_creation	eowikivoyage
848	2020-12-07	git_db_creation	wawikisource
849	2020-12-15	git_db_creation	madwiki
850	2021-01-11	git_db_creation	bclwiktionary
851	2021-01-11	git_db_creation	niawiktionary
852	2021-01-11	git_db_creation	niawiki
853	2021-01-11	git_db_creation	diqwiktionary
854	2021-01-19	git_db_creation	trwikivoyage
855	2021-02-22	git_db_creation	mniwiktionary
856	2021-02-22	git_db_creation	mniwiki
857	2021-02-22	git_db_creation	altwiki
858	2021-03-15	git_db_creation	trvwiki
859	2021-03-15	git_db_creation	taywiki
860	2021-03-16	git_db_creation	mnwwiktionary
861	2021-06-30	git_db_creation	dagwiki
862	2021-06-30	git_db_creation	banwikisource
863	2021-06-30	git_db_creation	shiwiki
864	2021-08-04	git_db_creation	jvwikisource
865	2021-10-23	git_db_creation	amiwiki
866	2021-10-23	git_db_creation	lmowiktionary
867	2021-10-23	git_db_creation	pwnwiki
868	2022-03-17	git_db_creation	guwwiki
869	2022-03-17	git_db_creation	shnwikivoyage
870	2022-05-12	git_db_creation	kcgwiki
871	2022-07-19	git_db_creation	blkwiki
872	2022-07-19	git_db_creation	pcmwiki
873	2022-07-19	git_db_creation	guwwiktionary
874	2022-07-19	git_db_creation	bjnwiktionary
875	2022-10-10	git_db_creation	igwiktionary
876	2022-10-10	git_db_creation	bnwikiquote
877	2022-10-10	git_db_creation	igwikiquote
878	2022-10-10	git_db_creation	tlwikiquote
879	2022-10-10	git_db_creation	bclwikiquote
880	2023-01-04	git_db_creation	guwwikiquote
881	2023-01-04	git_db_creation	gorwiktionary
882	2023-01-04	git_db_creation	shnwikibooks
883	2023-01-04	git_db_creation	aswikiquote
884	2023-02-27	git_db_creation	gurwiki
885	2023-02-27	git_db_creation	gucwiki
886	2023-03-22	git_db_creation	anpwiki
887	2023-03-29	git_db_creation	ckbwiktionary
888	2023-04-10	git_db_creation	guwwikinews
889	2023-04-20	git_db_creation	fatwiki
890	2023-04-20	git_db_creation	kcgwiktionary
891	2023-04-20	git_db_creation	kbdwiktionary
